,epoch,train_roc,train_prc,train_precision,train_recall,train_loss,valid_roc,valid_prc,valid_precision,valid_recall,valid_loss,test_roc,test_prc,test_precision,test_recall,test_losses
0,315,0.959246573308578,0.9758597280087513,0.9071092395343077,0.924514011613229,0.26604435,0.9432542188038112,0.9663397890233366,0.883495145631068,0.9173387096774194,0.31593317,0.937292802157667,0.962955766426479,0.8714859437751004,0.9022869022869023,0.34087908
