smile,p0_mean,p0_std,p0_var,p0_min,p0_max,p0_median,p0_q1,p0_q3,p1_mean,p1_std,p1_var,p1_min,p1_max,p1_median,p1_q1,p1_q3,pred_mode,pred_nunique
O=C(C)Oc1ccccc1C(=O)O,0.6467016140619913,0.04600845709472712,0.002116778124237346,0.5966974496841431,0.687242865562439,0.6561645269393921,0.6264309883117676,0.6717036962509155,0.3532983760039012,0.04600843170496714,0.0021167757879506257,0.3127571046352386,0.4033024907112121,0.3438355326652527,0.32829631865024567,0.3735690116882324,0,1
