smile,run,mol_prediction,probabilities,prob_class_0,prob_class_1,predicted_class
O=C(C)Oc1ccccc1C(=O)O,0,[ 0.352451  -0.4348099],[[0.68724287 0.3127571 ]],0.687242865562439,0.31275710463523865,0
O=C(C)Oc1ccccc1C(=O)O,1,[ 0.33917904 -0.30706912],[[0.6561645  0.34383553]],0.6561645269393921,0.3438355326652527,0
O=C(C)Oc1ccccc1C(=O)O,2,[ 0.18766919 -0.20405413],[[0.59669745 0.4033025 ]],0.5966974496841431,0.40330249071121216,0
