,epoch,train_roc,train_prc,train_precision,train_recall,train_loss,valid_roc,valid_prc,valid_precision,valid_recall,valid_loss,test_roc,test_prc,test_precision,test_recall,test_losses
0,187,0.9502212707945971,0.9700199576104014,0.9204124801692226,0.8788184801817723,0.29281208,0.9365529215933875,0.9595843597583635,0.9024896265560166,0.8770161290322581,0.31307548,0.9282112153733776,0.9568221708657618,0.8893709327548807,0.8523908523908524,0.34102416
