,epoch,train_roc,train_prc,train_precision,train_recall,train_loss,valid_roc,valid_prc,valid_precision,valid_recall,valid_loss,test_roc,test_prc,test_precision,test_recall,test_losses
0,184,0.9485153347669739,0.9681721425604459,0.9134689672933299,0.8954809391567786,0.29364726,0.9342928481230628,0.9586857864868906,0.9026369168356998,0.8971774193548387,0.3223244,0.9244816542113841,0.9516275286832522,0.8697478991596639,0.8607068607068608,0.35381502
